{"score": 907083, "results": [{"task": 1, "success": true, "message": "not worth compress", "basePath": "base_yu/task001.py", "compressor": "raw/raw", "length": 61}, {"task": 2, "success": true, "message": "", "basePath": "base_yu/task002.py", "compressor": "forcomp-t/zlib-zopfli", "length": 203}, {"task": 3, "success": true, "message": "not worth compress", "basePath": "base_keymoon/task003.py", "compressor": "forplain/raw", "length": 61}, {"task": 4, "success": true, "message": "not worth compress", "basePath": "base_keymoon/task004.py", "compressor": "raw/raw", "length": 101}, {"task": 5, "success": true, "message": "encode:+6", "basePath": "base_rearc/task005.py", "compressor": "forplain/zlib-zopfli", "length": 1400}, {"task": 6, "success": true, "message": "not worth compress", "basePath": "base_notebooks/task006_20250809-190418Z-a-bit-more-of-code-golf-220-400-jacekwl.py", "compressor": "forplain/raw", "length": 70}, {"task": 7, "success": true, "message": "not worth compress", "basePath": "base_notebooks/task007_20250807-172915Z-a-bit-more-of-code-golf-188-400-jacekwl.py", "compressor": "raw/raw", "length": 155}, {"task": 8, "success": true, "message": "not worth compress", "basePath": "base_keymoon/task008.py", "compressor": "raw/raw", "length": 138}, {"task": 9, "success": true, "message": "", "basePath": "base_notebooks/task009_20250807-160818Z-solved-stater-neurips-2025-google-code-golf-muhammad-qasim-shabbir.py", "compressor": "forcomp-t/zlib-zopfli", "length": 305}, {"task": 10, "success": true, "message": "not worth compress", "basePath": "base_notebooks/task010_20250809-190418Z-a-bit-more-of-code-golf-220-400-jacekwl.py", "compressor": "raw/raw", "length": 106}, {"task": 11, "success": true, "message": "", "basePath": "base_notebooks/task011_20250807-160818Z-solved-stater-neurips-2025-google-code-golf-muhammad-qasim-shabbir.py", "compressor": "forcomp-t/zlib-zopfli", "length": 225}, {"task": 12, "success": true, "message": "", "basePath": "base_notebooks/task012_20250807-112059Z-neurips-local-score-far-away.py", "compressor": "forplain/raw", "length": 218}, {"task": 13, "success": true, "message": "encode:+1", "basePath": "base_code/task013_2.py", "compressor": "forcomp-s/zlib-zopfli", "length": 293}, {"task": 14, "success": true, "message": "not worth compress", "basePath": "base_yu/task014.py", "compressor": "raw/raw", "length": 81}, {"task": 15, "success": true, "message": "", "basePath": "base_notebooks/task015_20250810-081552Z-code-golf-ensemble-local-score-391-400-dsl-seshuraju.py", "compressor": "raw/zlib-zopfli", "length": 201}, {"task": 16, "success": true, "message": "not worth compress", "basePath": "base_keymoon/task016_byte.py", "compressor": "raw/raw", "length": 47}, {"task": 17, "success": true, "message": "not worth compress", "basePath": "base_yu/task017.py", "compressor": "forplain/raw", "length": 170}, {"task": 18, "success": true, "message": "encode:+21", "basePath": "base_rearc/task018.py", "compressor": "forplain/lzma", "length": 1590}, {"task": 19, "success": true, "message": "encode:+1", "basePath": "base_code/task019_2.py", "compressor": "forcomp-t/zlib-zopfli", "length": 213}, {"task": 20, "success": true, "message": "", "basePath": "base_code/task020_3.py", "compressor": "forcomp-t/zlib-zopfli", "length": 221}, {"task": 21, "success": true, "message": "not worth compress", "basePath": "base_yu/task021.py", "compressor": "raw/raw", "length": 71}, {"task": 22, "success": true, "message": "", "basePath": "base_notebooks/task022_20250807-160818Z-solved-stater-neurips-2025-google-code-golf-muhammad-qasim-shabbir.py", "compressor": "forplain/zlib-zopfli", "length": 214}, {"task": 23, "success": true, "message": "encode:+1", "basePath": "base_yu/task023.py", "compressor": "forcomp-s/zlib-zopfli", "length": 282}, {"task": 24, "success": true, "message": "not worth compress", "basePath": "base_yu/task024.py", "compressor": "forplain/raw", "length": 65}, {"task": 25, "success": true, "message": "", "basePath": "base_yu/task025.py", "compressor": "forplain/raw", "length": 226}, {"task": 26, "success": true, "message": "not worth compress", "basePath": "base_notebooks/task026_20250810-053358Z-oh-barnacles-jazivxt.py", "compressor": "raw/raw", "length": 59}, {"task": 27, "success": true, "message": "not worth compress", "basePath": "base_yu/task027.py", "compressor": "raw/raw", "length": 142}, {"task": 28, "success": true, "message": "not worth compress", "basePath": "base_notebooks/task028_20250807-172915Z-a-bit-more-of-code-golf-188-400-jacekwl.py", "compressor": "raw/raw", "length": 139}, {"task": 29, "success": true, "message": "not worth compress", "basePath": "base_code/task029_3.py", "compressor": "forplain/raw", "length": 210}, {"task": 30, "success": true, "message": "", "basePath": "base_code/task030.py", "compressor": "raw/zlib-zopfli", "length": 187}, {"task": 31, "success": true, "message": "not worth compress", "basePath": "base_keymoon/task031.py", "compressor": "raw/raw", "length": 60}, {"task": 32, "success": true, "message": "not worth compress", "basePath": "base_yu/task032.py", "compressor": "raw/raw", "length": 49}, {"task": 33, "success": true, "message": "", "basePath": "base_code/task033_2.py", "compressor": "forplain/raw", "length": 189}, {"task": 34, "success": true, "message": "encode:+1", "basePath": "base_arcdsl/task034.py", "compressor": "forcomp-s/zlib-zopfli", "length": 850}, {"task": 35, "success": true, "message": "encode:+2", "basePath": "base_code/task035_1.py", "compressor": "forcomp-t/zlib-zopfli", "length": 231}, {"task": 36, "success": true, "message": "", "basePath": "base_notebooks/task036_20250807-160818Z-solved-stater-neurips-2025-google-code-golf-muhammad-qasim-shabbir.py", "compressor": "forcomp-s/zlib-zopfli", "length": 287}, {"task": 37, "success": true, "message": "", "basePath": "base_code/task037.py", "compressor": "forcomp-t/zlib-zopfli", "length": 245}, {"task": 38, "success": true, "message": "not worth compress", "basePath": "base_notebooks/task038_20250807-172915Z-a-bit-more-of-code-golf-188-400-jacekwl.py", "compressor": "raw/raw", "length": 133}, {"task": 39, "success": true, "message": "not worth compress", "basePath": "base_code/task039.py", "compressor": "forplain/raw", "length": 134}, {"task": 40, "success": true, "message": "not worth compress", "basePath": "base_yu/task040.py", "compressor": "raw/raw", "length": 75}, {"task": 41, "success": true, "message": "not worth compress", "basePath": "base_keymoon/task041.py", "compressor": "raw/raw", "length": 49}, {"task": 42, "success": true, "message": "encode:+7", "basePath": "base_arcdsl/task042.py", "compressor": "raw/zlib-zopfli", "length": 1287}, {"task": 43, "success": true, "message": "not worth compress", "basePath": "base_code/task043.py", "compressor": "forplain/raw", "length": 110}, {"task": 44, "success": true, "message": "encode:+1", "basePath": "base_yu/task044.py", "compressor": "raw/zlib-zopfli", "length": 262}, {"task": 45, "success": true, "message": "not worth compress", "basePath": "base_yu/task045.py", "compressor": "raw/raw", "length": 47}, {"task": 46, "success": true, "message": "encode:+8", "basePath": "base_arcdsl/task046.py", "compressor": "raw/zlib-zopfli", "length": 1479}, {"task": 47, "success": true, "message": "not worth compress", "basePath": "base_keymoon/task047.py", "compressor": "raw/raw", "length": 56}, {"task": 48, "success": true, "message": "not worth compress", "basePath": "base_keymoon/task048.py", "compressor": "forplain/raw", "length": 153}, {"task": 49, "success": true, "message": "not worth compress", "basePath": "base_keymoon/task049.py", "compressor": "raw/raw", "length": 95}, {"task": 50, "success": true, "message": "encode:+1", "basePath": "base_code/task050.py", "compressor": "forcomp-t/zlib-zopfli", "length": 191}, {"task": 51, "success": true, "message": "", "basePath": "base_notebooks/task051_20250810-053358Z-oh-barnacles-jazivxt.py", "compressor": "forcomp-t/zlib-zopfli", "length": 308}, {"task": 52, "success": true, "message": "not worth compress", "basePath": "base_yu/task052.py", "compressor": "raw/raw", "length": 40}, {"task": 53, "success": true, "message": "not worth compress", "basePath": "base_yu/task053.py", "compressor": "raw/raw", "length": 21}, {"task": 54, "success": true, "message": "encode:+18", "basePath": "base_arcdsl/task054.py", "compressor": "raw/lzma", "length": 1656}, {"task": 55, "success": true, "message": "encode:+2", "basePath": "base_code/task055.py", "compressor": "raw/zlib-zopfli", "length": 235}, {"task": 56, "success": true, "message": "not worth compress", "basePath": "base_keymoon/task056.py", "compressor": "raw/raw", "length": 45}, {"task": 57, "success": true, "message": "not worth compress", "basePath": "base_notebooks/task057_20250807-172915Z-a-bit-more-of-code-golf-188-400-jacekwl.py", "compressor": "forplain/raw", "length": 114}, {"task": 58, "success": true, "message": "encode:+1", "basePath": "base_notebooks/task058_20250807-051947Z-simpletasksolved-tetsuro-tsuda.py", "compressor": "forcomp-t/zlib-zopfli", "length": 250}, {"task": 59, "success": true, "message": "", "basePath": "base_notebooks/task059_20250804-033651Z-solved-127-problems-local-pleaseupvote-dao-sy-duy-minh.py", "compressor": "forcomp-s/zlib-zopfli", "length": 277}, {"task": 60, "success": true, "message": "not worth compress", "basePath": "base_keymoon/task060.py", "compressor": "raw/raw", "length": 50}, {"task": 61, "success": true, "message": "not worth compress", "basePath": "base_code/task061_3.py", "compressor": "forplain/raw", "length": 92}, {"task": 62, "success": true, "message": "not worth compress", "basePath": "base_yu/task062.py", "compressor": "forplain/raw", "length": 198}, {"task": 63, "success": true, "message": "not worth compress", "basePath": "base_yu/task063.py", "compressor": "forplain/raw", "length": 125}, {"task": 64, "success": true, "message": "", "basePath": "base_yu/task064.py", "compressor": "forcomp-t/zlib-zopfli", "length": 246}, {"task": 65, "success": true, "message": "", "basePath": "base_notebooks/task065_20250807-051947Z-simpletasksolved-tetsuro-tsuda.py", "compressor": "raw/zlib-zopfli", "length": 234}, {"task": 66, "success": true, "message": "", "basePath": "base_yu/task066.py", "compressor": "forplain/zlib-zopfli", "length": 331}, {"task": 67, "success": true, "message": "not worth compress", "basePath": "base_keymoon/task067.py", "compressor": "raw/raw", "length": 33}, {"task": 68, "success": true, "message": "encode:+1", "basePath": "base_code/task068.py", "compressor": "forcomp-t/zlib-9", "length": 252}, {"task": 69, "success": true, "message": "encode:+1", "basePath": "base_code/task069_2.py", "compressor": "forcomp-s/zlib-zopfli", "length": 331}, {"task": 70, "success": true, "message": "", "basePath": "base_code/task070.py", "compressor": "forplain/raw", "length": 198}, {"task": 71, "success": true, "message": "encode:+1", "basePath": "base_yu/task071.py", "compressor": "forplain/zlib-zopfli", "length": 222}, {"task": 72, "success": true, "message": "not worth compress", "basePath": "base_code/task072.py", "compressor": "raw/raw", "length": 69}, {"task": 73, "success": true, "message": "not worth compress", "basePath": "base_keymoon/task073.py", "compressor": "raw/raw", "length": 46}, {"task": 74, "success": true, "message": "not worth compress", "basePath": "base_yu/task074.py", "compressor": "forplain/raw", "length": 133}, {"task": 75, "success": true, "message": "encode:+2", "basePath": "base_notebooks/task075_20250807-051947Z-simpletasksolved-tetsuro-tsuda.py", "compressor": "forcomp-t/zlib-zopfli", "length": 205}, {"task": 76, "success": true, "message": "encode:+28", "basePath": "base_rearc/task076.py", "compressor": "raw/lzma", "length": 1705}, {"task": 77, "success": true, "message": "encode:+5", "basePath": "base_rearc/task077.py", "compressor": "raw/zlib-zopfli", "length": 981}, {"task": 78, "success": true, "message": "not worth compress", "basePath": "base_keymoon/task078.py", "compressor": "raw/raw", "length": 76}, {"task": 79, "success": true, "message": "encode:+2", "basePath": "base_arcdsl/task079.py", "compressor": "forcomp-t/zlib-zopfli", "length": 819}, {"task": 80, "success": true, "message": "", "basePath": "base_yu/task080.py", "compressor": "forcomp-t/zlib-zopfli", "length": 294}, {"task": 81, "success": true, "message": "encode:+1", "basePath": "base_code/task081.py", "compressor": "forcomp-s/zlib-zopfli", "length": 180}, {"task": 82, "success": true, "message": "not worth compress", "basePath": "base_code/task082.py", "compressor": "forplain/raw", "length": 104}, {"task": 83, "success": true, "message": "not worth compress", "basePath": "base_yu/task083.py", "compressor": "raw/raw", "length": 40}, {"task": 84, "success": true, "message": "not worth compress", "basePath": "base_code/task084.py", "compressor": "forplain/raw", "length": 83}, {"task": 85, "success": true, "message": "not worth compress", "basePath": "base_yu/task085.py", "compressor": "forplain/raw", "length": 91}, {"task": 86, "success": true, "message": "encode:+1", "basePath": "base_yu/task086.py", "compressor": "forcomp-t/zlib-zopfli", "length": 261}, {"task": 87, "success": true, "message": "not worth compress", "basePath": "base_notebooks/task087_20250807-160818Z-solved-stater-neurips-2025-google-code-golf-muhammad-qasim-shabbir.py", "compressor": "raw/raw", "length": 36}, {"task": 88, "success": true, "message": "not worth compress", "basePath": "base_code/task088.py", "compressor": "forplain/raw", "length": 210}, {"task": 89, "success": true, "message": "encode:+7", "basePath": "base_arcdsl/task089.py", "compressor": "raw/zlib-zopfli", "length": 1368}, {"task": 90, "success": true, "message": "encode:+2", "basePath": "base_arcdsl/task090.py", "compressor": "raw/zlib-zopfli", "length": 887}, {"task": 91, "success": true, "message": "not worth compress", "basePath": "base_code/task091_1.py", "compressor": "forplain/raw", "length": 196}, {"task": 92, "success": true, "message": "", "basePath": "base_code/task092.py", "compressor": "forcomp-s/zlib-zopfli", "length": 236}, {"task": 93, "success": true, "message": "not worth compress", "basePath": "base_yu/task093.py", "compressor": "raw/raw", "length": 136}, {"task": 94, "success": true, "message": "", "basePath": "base_code/task094.py", "compressor": "forcomp-s/zlib-zopfli", "length": 234}, {"task": 95, "success": true, "message": "not worth compress", "basePath": "base_notebooks/task095_20250809-190418Z-a-bit-more-of-code-golf-220-400-jacekwl.py", "compressor": "raw/raw", "length": 170}, {"task": 96, "success": true, "message": "", "basePath": "base_keymoon/task096.py", "compressor": "raw/zlib-zopfli", "length": 356}, {"task": 97, "success": true, "message": "not worth compress", "basePath": "base_code/task097.py", "compressor": "forplain/raw", "length": 173}, {"task": 98, "success": true, "message": "", "basePath": "base_notebooks/task098_20250807-172915Z-a-bit-more-of-code-golf-188-400-jacekwl.py", "compressor": "forplain/raw", "length": 189}, {"task": 99, "success": true, "message": "", "basePath": "base_code/task099.py", "compressor": "forcomp-t/zlib-zopfli", "length": 397}, {"task": 100, "success": true, "message": "not worth compress", "basePath": "base_notebooks/task100_20250807-172915Z-a-bit-more-of-code-golf-188-400-jacekwl.py", "compressor": "raw/raw", "length": 110}, {"task": 101, "success": true, "message": "encode:+27", "basePath": "base_rearc/task101.py", "compressor": "forplain/lzma", "length": 1790}, {"task": 102, "success": true, "message": "encode:+3", "basePath": "base_rearc/task102.py", "compressor": "forcomp-t/zlib-zopfli", "length": 874}, {"task": 103, "success": true, "message": "not worth compress", "basePath": "base_keymoon/task103.py", "compressor": "raw/raw", "length": 30}, {"task": 104, "success": true, "message": "not worth compress", "basePath": "base_keymoon/task104.py", "compressor": "forplain/raw", "length": 119}, {"task": 105, "success": true, "message": "encode:+1", "basePath": "base_arcdsl/task105.py", "compressor": "raw/zlib-zopfli", "length": 857}, {"task": 106, "success": true, "message": "not worth compress", "basePath": "base_notebooks/task106_20250810-053358Z-oh-barnacles-jazivxt.py", "compressor": "raw/raw", "length": 122}, {"task": 107, "success": true, "message": "", "basePath": "base_notebooks/task107_20250807-160818Z-solved-stater-neurips-2025-google-code-golf-muhammad-qasim-shabbir.py", "compressor": "forcomp-t/zlib-zopfli", "length": 317}, {"task": 108, "success": true, "message": "not worth compress", "basePath": "base_code/task108.py", "compressor": "raw/raw", "length": 88}, {"task": 109, "success": true, "message": "", "basePath": "base_code/task109_1.py", "compressor": "forplain/raw", "length": 177}, {"task": 110, "success": true, "message": "encode:+1", "basePath": "base_yu/task110.py", "compressor": "forplain/zlib-zopfli", "length": 239}, {"task": 111, "success": true, "message": "not worth compress", "basePath": "base_notebooks/task111_20250807-160818Z-solved-stater-neurips-2025-google-code-golf-muhammad-qasim-shabbir.py", "compressor": "forplain/raw", "length": 98}, {"task": 112, "success": true, "message": "", "basePath": "base_notebooks/task112_20250807-160818Z-solved-stater-neurips-2025-google-code-golf-muhammad-qasim-shabbir.py", "compressor": "forcomp-t/zlib-zopfli", "length": 195}, {"task": 113, "success": true, "message": "not worth compress", "basePath": "base_keymoon/task113.py", "compressor": "raw/raw", "length": 25}, {"task": 114, "success": true, "message": "not worth compress", "basePath": "base_code/task114.py", "compressor": "raw/raw", "length": 74}, {"task": 115, "success": true, "message": "not worth compress", "basePath": "base_code/task115.py", "compressor": "raw/raw", "length": 139}, {"task": 116, "success": true, "message": "not worth compress", "basePath": "base_notebooks/task116_20250809-171156Z-solved-stater-neurips-2025-google-code-golf-muhammad-qasim-shabbir.py", "compressor": "raw/raw", "length": 20}, {"task": 117, "success": true, "message": "", "basePath": "base_yu/task117.py", "compressor": "forcomp-t/zlib-zopfli", "length": 209}, {"task": 118, "success": true, "message": "", "basePath": "base_yu/task118.py", "compressor": "forcomp-s/zlib-zopfli", "length": 280}, {"task": 119, "success": true, "message": "not worth compress", "basePath": "base_yu/task119.py", "compressor": "forplain/raw", "length": 179}, {"task": 120, "success": true, "message": "", "basePath": "base_notebooks/task120_20250810-053358Z-oh-barnacles-jazivxt.py", "compressor": "forcomp-t/zlib-zopfli", "length": 344}, {"task": 121, "success": true, "message": "encode:+1", "basePath": "base_code/task121_2.py", "compressor": "forcomp-s/zlib-zopfli", "length": 188}, {"task": 122, "success": true, "message": "", "basePath": "base_code/task122.py", "compressor": "forcomp-s/zlib-zopfli", "length": 287}, {"task": 123, "success": true, "message": "not worth compress", "basePath": "base_yu/task123.py", "compressor": "raw/raw", "length": 77}, {"task": 124, "success": true, "message": "not worth compress", "basePath": "base_yu/task124.py", "compressor": "forplain/raw", "length": 179}, {"task": 125, "success": true, "message": "", "basePath": "base_code/task125.py", "compressor": "forcomp-t/zlib-zopfli", "length": 359}, {"task": 126, "success": true, "message": "not worth compress", "basePath": "base_code/task126.py", "compressor": "raw/raw", "length": 94}, {"task": 127, "success": true, "message": "not worth compress", "basePath": "base_yu/task127.py", "compressor": "raw/raw", "length": 82}, {"task": 128, "success": true, "message": "not worth compress", "basePath": "base_yu/task128.py", "compressor": "raw/raw", "length": 72}, {"task": 129, "success": true, "message": "not worth compress", "basePath": "base_notebooks/task129_20250807-112121Z-master-solver-far-away.py", "compressor": "raw/raw", "length": 53}, {"task": 130, "success": true, "message": "not worth compress", "basePath": "base_code/task130.py", "compressor": "raw/raw", "length": 108}, {"task": 131, "success": true, "message": "", "basePath": "base_notebooks/task131_20250807-160818Z-solved-stater-neurips-2025-google-code-golf-muhammad-qasim-shabbir.py", "compressor": "raw/zlib-zopfli", "length": 260}, {"task": 132, "success": true, "message": "", "basePath": "base_code/task132.py", "compressor": "raw/zlib-zopfli", "length": 227}, {"task": 133, "success": true, "message": "encode:+7", "basePath": "base_rearc/task133.py", "compressor": "forcomp-t/zlib-zopfli", "length": 1471}, {"task": 134, "success": true, "message": "", "basePath": "base_keymoon/task134.py", "compressor": "forplain/raw", "length": 233}, {"task": 135, "success": true, "message": "not worth compress", "basePath": "base_keymoon/task135.py", "compressor": "raw/raw", "length": 32}, {"task": 136, "success": true, "message": "", "basePath": "base_code/task136_1.py", "compressor": "forcomp-t/zlib-zopfli", "length": 198}, {"task": 137, "success": true, "message": "", "basePath": "base_yu/task137.py", "compressor": "forplain/raw", "length": 196}, {"task": 138, "success": true, "message": "", "basePath": "base_yu/task138.py", "compressor": "forcomp-t/zlib-zopfli", "length": 195}, {"task": 139, "success": true, "message": "encode:+1", "basePath": "base_notebooks/task139_20250809-190418Z-a-bit-more-of-code-golf-220-400-jacekwl.py", "compressor": "raw/zlib-9", "length": 246}, {"task": 140, "success": true, "message": "not worth compress", "basePath": "base_notebooks/task140_20250807-160818Z-solved-stater-neurips-2025-google-code-golf-muhammad-qasim-shabbir.py", "compressor": "raw/raw", "length": 36}, {"task": 141, "success": true, "message": "not worth compress", "basePath": "base_code/task141.py", "compressor": "forplain/raw", "length": 163}, {"task": 142, "success": true, "message": "not worth compress", "basePath": "base_yu/task142.py", "compressor": "raw/raw", "length": 40}, {"task": 143, "success": true, "message": "encode:+6", "basePath": "base_arcdsl/task143.py", "compressor": "raw/zlib-zopfli", "length": 997}, {"task": 144, "success": true, "message": "not worth compress", "basePath": "base_code/task144.py", "compressor": "raw/raw", "length": 76}, {"task": 145, "success": true, "message": "", "basePath": "base_yu/task145.py", "compressor": "forcomp-t/zlib-zopfli", "length": 262}, {"task": 146, "success": true, "message": "not worth compress", "basePath": "base_code/task146_2.py", "compressor": "forplain/raw", "length": 113}, {"task": 147, "success": true, "message": "encode:+1", "basePath": "base_notebooks/task147_20250807-051947Z-simpletasksolved-tetsuro-tsuda.py", "compressor": "forcomp-t/zlib-zopfli", "length": 213}, {"task": 148, "success": true, "message": "", "basePath": "base_yu/task148.py", "compressor": "forplain/zlib-zopfli", "length": 225}, {"task": 149, "success": true, "message": "not worth compress", "basePath": "base_code/task149.py", "compressor": "forplain/raw", "length": 95}, {"task": 150, "success": true, "message": "not worth compress", "basePath": "base_notebooks/task150_20250807-172915Z-a-bit-more-of-code-golf-188-400-jacekwl.py", "compressor": "raw/raw", "length": 30}, {"task": 151, "success": true, "message": "not worth compress", "basePath": "base_notebooks/task151_20250809-171156Z-solved-stater-neurips-2025-google-code-golf-muhammad-qasim-shabbir.py", "compressor": "raw/raw", "length": 134}, {"task": 152, "success": true, "message": "not worth compress", "basePath": "base_yu/task152.py", "compressor": "raw/raw", "length": 40}, {"task": 153, "success": true, "message": "", "basePath": "base_yu/task153.py", "compressor": "forplain/raw", "length": 237}, {"task": 154, "success": true, "message": "not worth compress", "basePath": "base_yu/task154.py", "compressor": "forplain/raw", "length": 146}, {"task": 155, "success": true, "message": "not worth compress", "basePath": "base_notebooks/task155_20250809-171156Z-solved-stater-neurips-2025-google-code-golf-muhammad-qasim-shabbir.py", "compressor": "raw/raw", "length": 18}, {"task": 156, "success": true, "message": "", "basePath": "base_code/task156.py", "compressor": "raw/zlib-zopfli", "length": 368}, {"task": 157, "success": true, "message": "encode:+33", "basePath": "base_rearc/task157.py", "compressor": "forplain/lzma", "length": 1970}, {"task": 158, "success": true, "message": "encode:+30", "basePath": "base_rearc/task158.py", "compressor": "forplain/lzma", "length": 2000}, {"task": 159, "success": true, "message": "", "basePath": "base_code/task159.py", "compressor": "raw/zlib-zopfli", "length": 287}, {"task": 160, "success": true, "message": "encode:+1", "basePath": "base_code/task160.py", "compressor": "forcomp-t/zlib-zopfli", "length": 212}, {"task": 161, "success": true, "message": "", "basePath": "base_yu/task161.py", "compressor": "forplain/raw", "length": 198}, {"task": 162, "success": true, "message": "not worth compress", "basePath": "base_notebooks/task162_20250810-053358Z-oh-barnacles-jazivxt.py", "compressor": "raw/raw", "length": 146}, {"task": 163, "success": true, "message": "encode:+1", "basePath": "base_notebooks/task163_20250810-053358Z-oh-barnacles-jazivxt.py", "compressor": "forcomp-t/zlib-zopfli", "length": 225}, {"task": 164, "success": true, "message": "not worth compress", "basePath": "base_notebooks/task164_20250807-112059Z-neurips-local-score-far-away.py", "compressor": "raw/raw", "length": 32}, {"task": 165, "success": true, "message": "", "basePath": "base_yu/task165.py", "compressor": "raw/raw", "length": 204}, {"task": 166, "success": true, "message": "not worth compress", "basePath": "base_keymoon/task166.py", "compressor": "forplain/raw", "length": 65}, {"task": 167, "success": true, "message": "not worth compress", "basePath": "base_notebooks/task167_20250809-190418Z-a-bit-more-of-code-golf-220-400-jacekwl.py", "compressor": "raw/raw", "length": 127}, {"task": 168, "success": true, "message": "", "basePath": "base_code/task168.py", "compressor": "forcomp-t/zlib-zopfli", "length": 282}, {"task": 169, "success": true, "message": "encode:+1", "basePath": "base_code/task169.py", "compressor": "raw/zlib-zopfli", "length": 225}, {"task": 170, "success": true, "message": "encode:+5", "basePath": "base_arcdsl/task170.py", "compressor": "raw/zlib-zopfli", "length": 1025}, {"task": 171, "success": true, "message": "not worth compress", "basePath": "base_code/task171.py", "compressor": "raw/raw", "length": 76}, {"task": 172, "success": true, "message": "not worth compress", "basePath": "base_notebooks/task172_20250806-061241Z-a-bit-of-code-golf-jacekwl.py", "compressor": "raw/raw", "length": 20}, {"task": 173, "success": true, "message": "encode:+7", "basePath": "base_rearc/task173.py", "compressor": "forcomp-t/zlib-zopfli", "length": 1326}, {"task": 174, "success": true, "message": "", "basePath": "base_code/task174_1.py", "compressor": "forcomp-t/zlib-zopfli", "length": 291}, {"task": 175, "success": true, "message": "not worth compress", "basePath": "base_yu/task175.py", "compressor": "raw/raw", "length": 98}, {"task": 176, "success": true, "message": "not worth compress", "basePath": "base_notebooks/task176_20250807-172915Z-a-bit-more-of-code-golf-188-400-jacekwl.py", "compressor": "raw/raw", "length": 139}, {"task": 177, "success": true, "message": "not worth compress", "basePath": "base_yu/task177.py", "compressor": "forplain/raw", "length": 59}, {"task": 178, "success": true, "message": "not worth compress", "basePath": "base_code/task178.py", "compressor": "raw/raw", "length": 124}, {"task": 179, "success": true, "message": "not worth compress", "basePath": "base_keymoon/task179.py", "compressor": "raw/raw", "length": 31}, {"task": 180, "success": true, "message": "not worth compress", "basePath": "base_notebooks/task180_20250809-190418Z-a-bit-more-of-code-golf-220-400-jacekwl.py", "compressor": "raw/raw", "length": 91}, {"task": 181, "success": true, "message": "not worth compress", "basePath": "base_notebooks/task181_20250807-160818Z-solved-stater-neurips-2025-google-code-golf-muhammad-qasim-shabbir.py", "compressor": "raw/raw", "length": 99}, {"task": 182, "success": true, "message": "encode:+2", "basePath": "base_yu/task182.py", "compressor": "forcomp-t/zlib-zopfli", "length": 204}, {"task": 183, "success": true, "message": "", "basePath": "base_notebooks/task183_20250807-051947Z-simpletasksolved-tetsuro-tsuda.py", "compressor": "raw/zlib-zopfli", "length": 215}, {"task": 184, "success": true, "message": "", "basePath": "base_code/task184_1.py", "compressor": "forcomp-t/zlib-zopfli", "length": 223}, {"task": 185, "success": true, "message": "", "basePath": "base_yu/task185.py", "compressor": "forcomp-s/zlib-zopfli", "length": 255}, {"task": 186, "success": true, "message": "not worth compress", "basePath": "base_notebooks/task186_20250807-172915Z-a-bit-more-of-code-golf-188-400-jacekwl.py", "compressor": "raw/raw", "length": 107}, {"task": 187, "success": true, "message": "encode:+2", "basePath": "base_notebooks/task187_20250807-172915Z-a-bit-more-of-code-golf-188-400-jacekwl.py", "compressor": "forcomp-t/zlib-9", "length": 253}, {"task": 188, "success": true, "message": "not worth compress", "basePath": "base_yu/task188.py", "compressor": "raw/raw", "length": 84}, {"task": 189, "success": true, "message": "", "basePath": "base_code/task189_1.py", "compressor": "forcomp-t/zlib-zopfli", "length": 291}, {"task": 190, "success": true, "message": "", "basePath": "base_code/task190_2.py", "compressor": "forcomp-s/zlib-zopfli", "length": 261}, {"task": 191, "success": true, "message": "", "basePath": "base_yu/task191.py", "compressor": "forcomp-t/zlib-9", "length": 271}, {"task": 192, "success": true, "message": "", "basePath": "base_yu/task192.py", "compressor": "forcomp-s/zlib-zopfli", "length": 265}, {"task": 193, "success": true, "message": "not worth compress", "basePath": "base_yu/task193.py", "compressor": "raw/raw", "length": 150}, {"task": 194, "success": true, "message": "not worth compress", "basePath": "base_notebooks/task194_20250810-053358Z-oh-barnacles-jazivxt.py", "compressor": "raw/raw", "length": 120}, {"task": 195, "success": true, "message": "not worth compress", "basePath": "base_yu/task195.py", "compressor": "forplain/raw", "length": 183}, {"task": 196, "success": true, "message": "", "basePath": "base_code/task196.py", "compressor": "forcomp-t/zlib-zopfli", "length": 335}, {"task": 197, "success": true, "message": "not worth compress", "basePath": "base_keymoon/task197.py", "compressor": "raw/raw", "length": 54}, {"task": 198, "success": true, "message": "", "basePath": "base_keymoon/task198.py", "compressor": "raw/zlib-zopfli", "length": 263}, {"task": 199, "success": true, "message": "not worth compress", "basePath": "base_notebooks/task199_20250807-160818Z-solved-stater-neurips-2025-google-code-golf-muhammad-qasim-shabbir.py", "compressor": "raw/raw", "length": 163}, {"task": 200, "success": true, "message": "not worth compress", "basePath": "base_code/task200_1.py", "compressor": "forplain/raw", "length": 171}, {"task": 201, "success": true, "message": "", "basePath": "base_notebooks/task201_20250809-171156Z-solved-stater-neurips-2025-google-code-golf-muhammad-qasim-shabbir.py", "compressor": "forcomp-s/zlib-zopfli", "length": 349}, {"task": 202, "success": true, "message": "", "basePath": "base_code/task202_2.py", "compressor": "forcomp-t/zlib-zopfli", "length": 270}, {"task": 203, "success": true, "message": "not worth compress", "basePath": "base_code/task203.py", "compressor": "forplain/raw", "length": 136}, {"task": 204, "success": true, "message": "", "basePath": "base_code/task204.py", "compressor": "forcomp-t/zlib-zopfli", "length": 402}, {"task": 205, "success": true, "message": "", "basePath": "base_yu/task205.py", "compressor": "forcomp-t/zlib-zopfli", "length": 268}, {"task": 206, "success": true, "message": "", "basePath": "base_code/task206_1.py", "compressor": "forcomp-t/zlib-zopfli", "length": 253}, {"task": 207, "success": true, "message": "not worth compress", "basePath": "base_code/task207_1.py", "compressor": "forplain/raw", "length": 149}, {"task": 208, "success": true, "message": "encode:+3", "basePath": "base_arcdsl/task208.py", "compressor": "raw/zlib-zopfli", "length": 897}, {"task": 209, "success": true, "message": "", "basePath": "base_yu/task209.py", "compressor": "forcomp-s/zlib-zopfli", "length": 291}, {"task": 210, "success": true, "message": "not worth compress", "basePath": "base_notebooks/task210_20250809-171156Z-solved-stater-neurips-2025-google-code-golf-muhammad-qasim-shabbir.py", "compressor": "raw/raw", "length": 20}, {"task": 211, "success": true, "message": "not worth compress", "basePath": "base_yu/task211.py", "compressor": "raw/raw", "length": 48}, {"task": 212, "success": true, "message": "", "basePath": "base_code/task212.py", "compressor": "forcomp-t/zlib-zopfli", "length": 213}, {"task": 213, "success": true, "message": "", "basePath": "base_notebooks/task213_20250807-160818Z-solved-stater-neurips-2025-google-code-golf-muhammad-qasim-shabbir.py", "compressor": "forcomp-t/zlib-zopfli", "length": 290}, {"task": 214, "success": true, "message": "not worth compress", "basePath": "base_code/task214.py", "compressor": "raw/raw", "length": 125}, {"task": 215, "success": true, "message": "not worth compress", "basePath": "base_keymoon/task215.py", "compressor": "raw/raw", "length": 46}, {"task": 216, "success": true, "message": "not worth compress", "basePath": "base_yu/task216.py", "compressor": "raw/raw", "length": 161}, {"task": 217, "success": true, "message": "not worth compress", "basePath": "base_keymoon/task217.py", "compressor": "forplain/raw", "length": 121}, {"task": 218, "success": true, "message": "not worth compress", "basePath": "base_yu/task218.py", "compressor": "forplain/raw", "length": 100}, {"task": 219, "success": true, "message": "", "basePath": "base_yu/task219.py", "compressor": "forcomp-t/zlib-zopfli", "length": 309}, {"task": 220, "success": true, "message": "not worth compress", "basePath": "base_code/task220_1.py", "compressor": "forplain/raw", "length": 173}, {"task": 221, "success": true, "message": "not worth compress", "basePath": "base_code/task221_2.py", "compressor": "forplain/raw", "length": 191}, {"task": 222, "success": true, "message": "", "basePath": "base_code/task222_2.py", "compressor": "forcomp-s/zlib-zopfli", "length": 269}, {"task": 223, "success": true, "message": "not worth compress", "basePath": "base_yu/task223.py", "compressor": "raw/raw", "length": 60}, {"task": 224, "success": true, "message": "encode:+2", "basePath": "base_code/task224.py", "compressor": "raw/zlib-zopfli", "length": 226}, {"task": 225, "success": true, "message": "", "basePath": "base_code/task225.py", "compressor": "forcomp-t/zlib-zopfli", "length": 269}, {"task": 226, "success": true, "message": "", "basePath": "base_notebooks/task226_20250810-053358Z-oh-barnacles-jazivxt.py", "compressor": "raw/zlib-zopfli", "length": 234}, {"task": 227, "success": true, "message": "not worth compress", "basePath": "base_yu/task227.py", "compressor": "raw/raw", "length": 65}, {"task": 228, "success": true, "message": "", "basePath": "base_notebooks/task228_20250810-053358Z-oh-barnacles-jazivxt.py", "compressor": "forcomp-t/zlib-zopfli", "length": 246}, {"task": 229, "success": true, "message": "not worth compress", "basePath": "base_yu/task229.py", "compressor": "raw/raw", "length": 74}, {"task": 230, "success": true, "message": "", "basePath": "base_code/task230.py", "compressor": "raw/zlib-zopfli", "length": 175}, {"task": 231, "success": true, "message": "not worth compress", "basePath": "base_yu/task231.py", "compressor": "raw/raw", "length": 43}, {"task": 232, "success": true, "message": "not worth compress", "basePath": "base_notebooks/task232_20250809-190418Z-a-bit-more-of-code-golf-220-400-jacekwl.py", "compressor": "raw/raw", "length": 134}, {"task": 233, "success": true, "message": "", "basePath": "base_yu/task233.py", "compressor": "forcomp-s/zlib-zopfli", "length": 341}, {"task": 234, "success": true, "message": "not worth compress", "basePath": "base_yu/task234.py", "compressor": "forplain/raw", "length": 178}, {"task": 235, "success": true, "message": "not worth compress", "basePath": "base_notebooks/task235_20250809-035628Z-arc-agi-code-golf-216-400-solved-dmytro-fedoriaka.py", "compressor": "forplain/raw", "length": 78}, {"task": 236, "success": true, "message": "not worth compress", "basePath": "base_code/task236.py", "compressor": "raw/raw", "length": 75}, {"task": 237, "success": true, "message": "", "basePath": "base_code/task237.py", "compressor": "forplain/raw", "length": 162}, {"task": 238, "success": true, "message": "", "basePath": "base_yu/task238.py", "compressor": "forcomp-t/zlib-zopfli", "length": 326}, {"task": 239, "success": true, "message": "not worth compress", "basePath": "base_code/task239.py", "compressor": "forplain/raw", "length": 161}, {"task": 240, "success": true, "message": "not worth compress", "basePath": "base_yu/task240.py", "compressor": "forplain/raw", "length": 150}, {"task": 241, "success": true, "message": "not worth compress", "basePath": "base_notebooks/task241_20250809-190418Z-a-bit-more-of-code-golf-220-400-jacekwl.py", "compressor": "raw/raw", "length": 31}, {"task": 242, "success": true, "message": "not worth compress", "basePath": "base_yu/task242.py", "compressor": "raw/raw", "length": 54}, {"task": 243, "success": true, "message": "not worth compress", "basePath": "base_keymoon/task243.py", "compressor": "raw/raw", "length": 158}, {"task": 244, "success": true, "message": "not worth compress", "basePath": "base_yu/task244.py", "compressor": "raw/raw", "length": 81}, {"task": 245, "success": true, "message": "encode:+2", "basePath": "base_arcdsl/task245.py", "compressor": "forcomp-s/zlib-zopfli", "length": 655}, {"task": 246, "success": true, "message": "encode:+1", "basePath": "base_notebooks/task246_20250809-171156Z-solved-stater-neurips-2025-google-code-golf-muhammad-qasim-shabbir.py", "compressor": "forcomp-t/zlib-zopfli", "length": 206}, {"task": 247, "success": true, "message": "", "basePath": "base_code/task247.py", "compressor": "forplain/raw", "length": 224}, {"task": 248, "success": true, "message": "not worth compress", "basePath": "base_code/task248_2.py", "compressor": "forplain/raw", "length": 134}, {"task": 249, "success": true, "message": "not worth compress", "basePath": "base_notebooks/task249_20250807-172915Z-a-bit-more-of-code-golf-188-400-jacekwl.py", "compressor": "raw/raw", "length": 26}, {"task": 250, "success": true, "message": "", "basePath": "base_code/task250.py", "compressor": "raw/zlib-zopfli", "length": 255}, {"task": 251, "success": true, "message": "", "basePath": "base_code/task251.py", "compressor": "forcomp-t/zlib-zopfli", "length": 248}, {"task": 252, "success": true, "message": "not worth compress", "basePath": "base_yu/task252.py", "compressor": "raw/raw", "length": 79}, {"task": 253, "success": true, "message": "encode:+1", "basePath": "base_notebooks/task253_20250807-160818Z-solved-stater-neurips-2025-google-code-golf-muhammad-qasim-shabbir.py", "compressor": "forcomp-t/zlib-zopfli", "length": 239}, {"task": 254, "success": true, "message": "", "basePath": "base_notebooks/task254_20250804-033651Z-solved-127-problems-local-pleaseupvote-dao-sy-duy-minh.py", "compressor": "raw/zlib-zopfli", "length": 214}, {"task": 255, "success": true, "message": "", "basePath": "base_yu/task255.py", "compressor": "forcomp-s/zlib-zopfli", "length": 304}, {"task": 256, "success": true, "message": "not worth compress", "basePath": "base_notebooks/task256_20250809-171156Z-solved-stater-neurips-2025-google-code-golf-muhammad-qasim-shabbir.py", "compressor": "raw/raw", "length": 177}, {"task": 257, "success": true, "message": "not worth compress", "basePath": "base_code/task257.py", "compressor": "raw/raw", "length": 98}, {"task": 258, "success": true, "message": "not worth compress", "basePath": "base_notebooks/task258_20250809-171156Z-solved-stater-neurips-2025-google-code-golf-muhammad-qasim-shabbir.py", "compressor": "raw/raw", "length": 87}, {"task": 259, "success": true, "message": "encode:+1", "basePath": "base_code/task259_1.py", "compressor": "forcomp-s/zlib-zopfli", "length": 196}, {"task": 260, "success": true, "message": "not worth compress", "basePath": "base_yu/task260.py", "compressor": "forplain/raw", "length": 191}, {"task": 261, "success": true, "message": "not worth compress", "basePath": "base_keymoon/task261.py", "compressor": "raw/raw", "length": 50}, {"task": 262, "success": true, "message": "not worth compress", "basePath": "base_yu/task262.py", "compressor": "raw/raw", "length": 42}, {"task": 263, "success": true, "message": "", "basePath": "base_notebooks/task263_20250807-172915Z-a-bit-more-of-code-golf-188-400-jacekwl.py", "compressor": "forcomp-t/zlib-zopfli", "length": 201}, {"task": 264, "success": true, "message": "encode:+1", "basePath": "base_yu/task264.py", "compressor": "forcomp-s/zlib-zopfli", "length": 210}, {"task": 265, "success": true, "message": "not worth compress", "basePath": "base_yu/task265.py", "compressor": "forplain/raw", "length": 178}, {"task": 266, "success": true, "message": "not worth compress", "basePath": "base_notebooks/task266_20250809-171156Z-solved-stater-neurips-2025-google-code-golf-muhammad-qasim-shabbir.py", "compressor": "raw/raw", "length": 172}, {"task": 267, "success": true, "message": "not worth compress", "basePath": "base_yu/task267.py", "compressor": "raw/raw", "length": 56}, {"task": 268, "success": true, "message": "", "basePath": "base_yu/task268.py", "compressor": "raw/zlib-zopfli", "length": 295}, {"task": 269, "success": true, "message": "not worth compress", "basePath": "base_code/task269.py", "compressor": "forplain/raw", "length": 99}, {"task": 270, "success": true, "message": "encode:+5", "basePath": "base_rearc/task270.py", "compressor": "raw/zlib-zopfli", "length": 915}, {"task": 271, "success": true, "message": "not worth compress", "basePath": "base_keymoon/task271.py", "compressor": "raw/raw", "length": 107}, {"task": 272, "success": true, "message": "not worth compress", "basePath": "base_notebooks/task272_20250807-051947Z-simpletasksolved-tetsuro-tsuda.py", "compressor": "forplain/raw", "length": 181}, {"task": 273, "success": true, "message": "encode:+2", "basePath": "base_code/task273.py", "compressor": "raw/zlib-zopfli", "length": 200}, {"task": 274, "success": true, "message": "not worth compress", "basePath": "base_notebooks/task274_20250807-160818Z-solved-stater-neurips-2025-google-code-golf-muhammad-qasim-shabbir.py", "compressor": "raw/raw", "length": 165}, {"task": 275, "success": true, "message": "encode:+1", "basePath": "base_notebooks/task275_20250807-160818Z-solved-stater-neurips-2025-google-code-golf-muhammad-qasim-shabbir.py", "compressor": "forcomp-s/zlib-zopfli", "length": 196}, {"task": 276, "success": true, "message": "not worth compress", "basePath": "base_yu/task276.py", "compressor": "raw/raw", "length": 38}, {"task": 277, "success": true, "message": "encode:+3", "basePath": "base_arcdsl/task277.py", "compressor": "forcomp-t/zlib-zopfli", "length": 854}, {"task": 278, "success": true, "message": "encode:+2", "basePath": "base_notebooks/task278_20250810-053358Z-oh-barnacles-jazivxt.py", "compressor": "raw/zlib-zopfli", "length": 240}, {"task": 279, "success": true, "message": "encode:+1", "basePath": "base_arcdsl/task279.py", "compressor": "raw/zlib-zopfli", "length": 930}, {"task": 280, "success": true, "message": "", "basePath": "base_yu/task280.py", "compressor": "forcomp-s/zlib-zopfli", "length": 225}, {"task": 281, "success": true, "message": "encode:+3", "basePath": "base_arcdsl/task281.py", "compressor": "forcomp-t/zlib-zopfli", "length": 865}, {"task": 282, "success": true, "message": "not worth compress", "basePath": "base_notebooks/task282_20250810-053358Z-oh-barnacles-jazivxt.py", "compressor": "raw/raw", "length": 156}, {"task": 283, "success": true, "message": "encode:+1", "basePath": "base_code/task283_1.py", "compressor": "forcomp-s/zlib-zopfli", "length": 231}, {"task": 284, "success": true, "message": "encode:+1", "basePath": "base_keymoon/task284.py", "compressor": "forcomp-t/zlib-9", "length": 254}, {"task": 285, "success": true, "message": "encode:+1", "basePath": "base_yu/task285.py", "compressor": "forcomp-t/zlib-zopfli", "length": 307}, {"task": 286, "success": true, "message": "", "basePath": "base_code/task286_1.py", "compressor": "forcomp-t/zlib-zopfli", "length": 377}, {"task": 287, "success": true, "message": "not worth compress", "basePath": "base_keymoon/task287.py", "compressor": "raw/raw", "length": 73}, {"task": 288, "success": true, "message": "", "basePath": "base_code/task288.py", "compressor": "raw/zlib-zopfli", "length": 226}, {"task": 289, "success": true, "message": "not worth compress", "basePath": "base_code/task289.py", "compressor": "forplain/raw", "length": 91}, {"task": 290, "success": true, "message": "not worth compress", "basePath": "base_yu/task290.py", "compressor": "raw/raw", "length": 69}, {"task": 291, "success": true, "message": "not worth compress", "basePath": "base_keymoon/task291.py", "compressor": "raw/raw", "length": 74}, {"task": 292, "success": true, "message": "not worth compress", "basePath": "base_notebooks/task292_20250807-172915Z-a-bit-more-of-code-golf-188-400-jacekwl.py", "compressor": "forplain/raw", "length": 71}, {"task": 293, "success": true, "message": "not worth compress", "basePath": "base_yu/task293.py", "compressor": "raw/raw", "length": 60}, {"task": 294, "success": true, "message": "", "basePath": "base_notebooks/task294_20250807-172915Z-a-bit-more-of-code-golf-188-400-jacekwl.py", "compressor": "forplain/raw", "length": 173}, {"task": 295, "success": true, "message": "not worth compress", "basePath": "base_yu/task295.py", "compressor": "forplain/raw", "length": 61}, {"task": 296, "success": true, "message": "not worth compress", "basePath": "base_notebooks/task296_20250810-053358Z-oh-barnacles-jazivxt.py", "compressor": "raw/raw", "length": 126}, {"task": 297, "success": true, "message": "not worth compress", "basePath": "base_yu/task297.py", "compressor": "raw/raw", "length": 47}, {"task": 298, "success": true, "message": "not worth compress", "basePath": "base_yu/task298.py", "compressor": "raw/raw", "length": 58}, {"task": 299, "success": true, "message": "not worth compress", "basePath": "base_yu/task299.py", "compressor": "forplain/raw", "length": 57}, {"task": 300, "success": true, "message": "", "basePath": "base_code/task300.py", "compressor": "raw/zlib-zopfli", "length": 207}, {"task": 301, "success": true, "message": "not worth compress", "basePath": "base_keymoon/task301.py", "compressor": "forplain/raw", "length": 31}, {"task": 302, "success": true, "message": "", "basePath": "base_code/task302.py", "compressor": "forcomp-t/zlib-zopfli", "length": 224}, {"task": 303, "success": true, "message": "not worth compress", "basePath": "base_yu/task303.py", "compressor": "raw/raw", "length": 69}, {"task": 304, "success": true, "message": "not worth compress", "basePath": "base_code/task304.py", "compressor": "forplain/raw", "length": 123}, {"task": 305, "success": true, "message": "not worth compress", "basePath": "base_code/task305.py", "compressor": "forplain/raw", "length": 101}, {"task": 306, "success": true, "message": "not worth compress", "basePath": "base_keymoon/task306.py", "compressor": "raw/raw", "length": 109}, {"task": 307, "success": true, "message": "not worth compress", "basePath": "base_yu/task307.py", "compressor": "raw/raw", "length": 60}, {"task": 308, "success": true, "message": "encode:+2", "basePath": "base_yu/task308.py", "compressor": "raw/zlib-zopfli", "length": 263}, {"task": 309, "success": true, "message": "not worth compress", "basePath": "base_keymoon/task309.py", "compressor": "raw/raw", "length": 39}, {"task": 310, "success": true, "message": "not worth compress", "basePath": "base_keymoon/task310.py", "compressor": "raw/raw", "length": 95}, {"task": 311, "success": true, "message": "not worth compress", "basePath": "base_notebooks/task311_20250806-061241Z-a-bit-of-code-golf-jacekwl.py", "compressor": "raw/raw", "length": 32}, {"task": 312, "success": true, "message": "not worth compress", "basePath": "base_yu/task312.py", "compressor": "raw/raw", "length": 45}, {"task": 313, "success": true, "message": "not worth compress", "basePath": "base_yu/task313.py", "compressor": "raw/raw", "length": 84}, {"task": 314, "success": true, "message": "", "basePath": "base_yu/task314.py", "compressor": "raw/raw", "length": 174}, {"task": 315, "success": true, "message": "not worth compress", "basePath": "base_notebooks/task315_20250807-172915Z-a-bit-more-of-code-golf-188-400-jacekwl.py", "compressor": "raw/raw", "length": 76}, {"task": 316, "success": true, "message": "not worth compress", "basePath": "base_notebooks/task316_20250809-035628Z-arc-agi-code-golf-216-400-solved-dmytro-fedoriaka.py", "compressor": "forplain/raw", "length": 145}, {"task": 317, "success": true, "message": "not worth compress", "basePath": "base_code/task317.py", "compressor": "forplain/raw", "length": 127}, {"task": 318, "success": true, "message": "not worth compress", "basePath": "base_code/task318.py", "compressor": "forplain/raw", "length": 69}, {"task": 319, "success": true, "message": "encode:+3", "basePath": "base_yu/task319.py", "compressor": "forcomp-t/zlib-zopfli", "length": 344}, {"task": 320, "success": true, "message": "not worth compress", "basePath": "base_notebooks/task320_20250802-132539Z-practice-manually-liah.py", "compressor": "forplain/raw", "length": 160}, {"task": 321, "success": true, "message": "not worth compress", "basePath": "base_yu/task321.py", "compressor": "raw/raw", "length": 59}, {"task": 322, "success": true, "message": "not worth compress", "basePath": "base_yu/task322.py", "compressor": "raw/raw", "length": 51}, {"task": 323, "success": true, "message": "", "basePath": "base_code/task323.py", "compressor": "forcomp-t/zlib-zopfli", "length": 243}, {"task": 324, "success": true, "message": "", "basePath": "base_yu/task324.py", "compressor": "forcomp-s/zlib-zopfli", "length": 317}, {"task": 325, "success": true, "message": "", "basePath": "base_keymoon/task325.py", "compressor": "forplain/raw", "length": 205}, {"task": 326, "success": true, "message": "not worth compress", "basePath": "base_keymoon/task326.py", "compressor": "raw/raw", "length": 30}, {"task": 327, "success": true, "message": "not worth compress", "basePath": "base_code/task327.py", "compressor": "forplain/raw", "length": 128}, {"task": 328, "success": true, "message": "encode:+2", "basePath": "base_code/task328.py", "compressor": "raw/zlib-zopfli", "length": 248}, {"task": 329, "success": true, "message": "not worth compress", "basePath": "base_code/task329.py", "compressor": "raw/raw", "length": 72}, {"task": 330, "success": true, "message": "", "basePath": "base_code/task330.py", "compressor": "raw/zlib-zopfli", "length": 257}, {"task": 331, "success": true, "message": "", "basePath": "base_code/task331.py", "compressor": "raw/zlib-zopfli", "length": 170}, {"task": 332, "success": true, "message": "not worth compress", "basePath": "base_code/task332.py", "compressor": "forplain/raw", "length": 101}, {"task": 333, "success": true, "message": "encode:+1", "basePath": "base_code/task333.py", "compressor": "forcomp-t/zlib-zopfli", "length": 248}, {"task": 334, "success": true, "message": "not worth compress", "basePath": "base_code/task334.py", "compressor": "raw/raw", "length": 113}, {"task": 335, "success": true, "message": "not worth compress", "basePath": "base_notebooks/task335_20250810-053358Z-oh-barnacles-jazivxt.py", "compressor": "raw/raw", "length": 206}, {"task": 336, "success": true, "message": "", "basePath": "base_code/task336.py", "compressor": "forcomp-t/zlib-zopfli", "length": 308}, {"task": 337, "success": true, "message": "not worth compress", "basePath": "base_yu/task337.py", "compressor": "raw/raw", "length": 49}, {"task": 338, "success": true, "message": "", "basePath": "base_notebooks/task338_20250807-160818Z-solved-stater-neurips-2025-google-code-golf-muhammad-qasim-shabbir.py", "compressor": "forcomp-t/zlib-zopfli", "length": 266}, {"task": 339, "success": true, "message": "not worth compress", "basePath": "base_keymoon/task339.py", "compressor": "raw/raw", "length": 37}, {"task": 340, "success": true, "message": "encode:+1", "basePath": "base_yu/task340.py", "compressor": "forcomp-t/zlib-zopfli", "length": 212}, {"task": 341, "success": true, "message": "", "basePath": "base_code/task341.py", "compressor": "forcomp-t/zlib-zopfli", "length": 281}, {"task": 342, "success": true, "message": "", "basePath": "base_code/task342_1.py", "compressor": "forcomp-t/zlib-zopfli", "length": 200}, {"task": 343, "success": true, "message": "not worth compress", "basePath": "base_yu/task343.py", "compressor": "raw/raw", "length": 80}, {"task": 344, "success": true, "message": "", "basePath": "base_notebooks/task344_20250809-171156Z-solved-stater-neurips-2025-google-code-golf-muhammad-qasim-shabbir.py", "compressor": "raw/raw", "length": 190}, {"task": 345, "success": true, "message": "", "basePath": "base_notebooks/task345_20250807-172915Z-a-bit-more-of-code-golf-188-400-jacekwl.py", "compressor": "raw/raw", "length": 163}, {"task": 346, "success": true, "message": "", "basePath": "base_code/task346.py", "compressor": "forcomp-s/zlib-zopfli", "length": 195}, {"task": 347, "success": true, "message": "not worth compress", "basePath": "base_keymoon/task347.py", "compressor": "raw/raw", "length": 54}, {"task": 348, "success": true, "message": "", "basePath": "base_notebooks/task348_20250809-190418Z-a-bit-more-of-code-golf-220-400-jacekwl.py", "compressor": "raw/zlib-zopfli", "length": 213}, {"task": 349, "success": true, "message": "", "basePath": "base_yu/task349.py", "compressor": "forcomp-t/zlib-zopfli", "length": 233}, {"task": 350, "success": true, "message": "encode:+2", "basePath": "base_code/task350_2.py", "compressor": "forcomp-t/zlib-zopfli", "length": 215}, {"task": 351, "success": true, "message": "not worth compress", "basePath": "base_yu/task351.py", "compressor": "raw/raw", "length": 84}, {"task": 352, "success": true, "message": "encode:+1", "basePath": "base_code/task352.py", "compressor": "forcomp-s/zlib-zopfli", "length": 196}, {"task": 353, "success": true, "message": "not worth compress", "basePath": "base_notebooks/task353_20250810-053358Z-oh-barnacles-jazivxt.py", "compressor": "raw/raw", "length": 144}, {"task": 354, "success": true, "message": "", "basePath": "base_notebooks/task354_20250807-172915Z-a-bit-more-of-code-golf-188-400-jacekwl.py", "compressor": "raw/zlib-zopfli", "length": 215}, {"task": 355, "success": true, "message": "encode:+1", "basePath": "base_yu/task355.py", "compressor": "forcomp-t/zlib-zopfli", "length": 231}, {"task": 356, "success": true, "message": "encode:+1", "basePath": "base_code/task356_2.py", "compressor": "forcomp-t/zlib-zopfli", "length": 218}, {"task": 357, "success": true, "message": "not worth compress", "basePath": "base_code/task357_1.py", "compressor": "forplain/raw", "length": 123}, {"task": 358, "success": true, "message": "", "basePath": "base_code/task358_1.py", "compressor": "forcomp-s/zlib-zopfli", "length": 257}, {"task": 359, "success": true, "message": "not worth compress", "basePath": "base_yu/task359.py", "compressor": "raw/raw", "length": 67}, {"task": 360, "success": true, "message": "not worth compress", "basePath": "base_yu/task360.py", "compressor": "raw/raw", "length": 50}, {"task": 361, "success": true, "message": "", "basePath": "base_yu/task361.py", "compressor": "forcomp-t/zlib-zopfli", "length": 263}, {"task": 362, "success": true, "message": "not worth compress", "basePath": "base_yu/task362.py", "compressor": "raw/raw", "length": 76}, {"task": 363, "success": true, "message": "", "basePath": "base_yu/task363.py", "compressor": "forcomp-t/zlib-zopfli", "length": 243}, {"task": 364, "success": true, "message": "encode:+3", "basePath": "base_rearc/task364.py", "compressor": "forcomp-s/zlib-zopfli", "length": 1090}, {"task": 365, "success": true, "message": "encode:+1", "basePath": "base_notebooks/task365_20250807-160818Z-solved-stater-neurips-2025-google-code-golf-muhammad-qasim-shabbir.py", "compressor": "forcomp-t/zlib-zopfli", "length": 251}, {"task": 366, "success": true, "message": "encode:+1", "basePath": "base_keymoon/task366.py", "compressor": "raw/zlib-zopfli", "length": 518}, {"task": 367, "success": true, "message": "", "basePath": "base_yu/task367.py", "compressor": "raw/zlib-zopfli", "length": 277}, {"task": 368, "success": true, "message": "", "basePath": "base_notebooks/task368_20250809-171156Z-solved-stater-neurips-2025-google-code-golf-muhammad-qasim-shabbir.py", "compressor": "forcomp-t/zlib-zopfli", "length": 265}, {"task": 369, "success": true, "message": "", "basePath": "base_code/task369.py", "compressor": "forcomp-s/zlib-9", "length": 240}, {"task": 370, "success": true, "message": "", "basePath": "base_yu/task370.py", "compressor": "raw/zlib-zopfli", "length": 272}, {"task": 371, "success": true, "message": "not worth compress", "basePath": "base_notebooks/task371_20250807-172915Z-a-bit-more-of-code-golf-188-400-jacekwl.py", "compressor": "forplain/raw", "length": 157}, {"task": 372, "success": true, "message": "not worth compress", "basePath": "base_code/task372.py", "compressor": "raw/raw", "length": 58}, {"task": 373, "success": true, "message": "not worth compress", "basePath": "base_yu/task373.py", "compressor": "raw/raw", "length": 40}, {"task": 374, "success": true, "message": "", "basePath": "base_notebooks/task374_20250809-190418Z-a-bit-more-of-code-golf-220-400-jacekwl.py", "compressor": "forcomp-t/zlib-zopfli", "length": 291}, {"task": 375, "success": true, "message": "not worth compress", "basePath": "base_yu/task375.py", "compressor": "raw/raw", "length": 57}, {"task": 376, "success": true, "message": "not worth compress", "basePath": "base_keymoon/task376.py", "compressor": "raw/raw", "length": 30}, {"task": 377, "success": true, "message": "not worth compress", "basePath": "base_yu/task377.py", "compressor": "raw/raw", "length": 75}, {"task": 378, "success": true, "message": "", "basePath": "base_yu/task378.py", "compressor": "raw/zlib-zopfli", "length": 271}, {"task": 379, "success": true, "message": "encode:+1", "basePath": "base_yu/task379.py", "compressor": "raw/zlib-zopfli", "length": 270}, {"task": 380, "success": true, "message": "not worth compress", "basePath": "base_notebooks/task380_20250809-190418Z-a-bit-more-of-code-golf-220-400-jacekwl.py", "compressor": "raw/raw", "length": 37}, {"task": 381, "success": true, "message": "", "basePath": "base_notebooks/task381_20250810-053358Z-oh-barnacles-jazivxt.py", "compressor": "raw/raw", "length": 205}, {"task": 382, "success": true, "message": "not worth compress", "basePath": "base_yu/task382.py", "compressor": "raw/raw", "length": 191}, {"task": 383, "success": true, "message": "", "basePath": "base_yu/task383.py", "compressor": "raw/zlib-zopfli", "length": 236}, {"task": 384, "success": true, "message": "not worth compress", "basePath": "base_code/task384.py", "compressor": "forplain/raw", "length": 154}, {"task": 385, "success": true, "message": "not worth compress", "basePath": "base_yu/task385.py", "compressor": "raw/raw", "length": 25}, {"task": 386, "success": true, "message": "not worth compress", "basePath": "base_yu/task386.py", "compressor": "raw/raw", "length": 56}, {"task": 387, "success": true, "message": "encode:+1", "basePath": "base_yu/task387.py", "compressor": "forcomp-t/zlib-zopfli", "length": 245}, {"task": 388, "success": true, "message": "not worth compress", "basePath": "base_code/task388.py", "compressor": "raw/raw", "length": 127}, {"task": 389, "success": true, "message": "not worth compress", "basePath": "base_code/task389.py", "compressor": "forplain/raw", "length": 86}, {"task": 390, "success": true, "message": "not worth compress", "basePath": "base_yu/task390.py", "compressor": "raw/raw", "length": 158}, {"task": 391, "success": true, "message": "not worth compress", "basePath": "base_yu/task391.py", "compressor": "raw/raw", "length": 72}, {"task": 392, "success": true, "message": "", "basePath": "base_yu/task392.py", "compressor": "forcomp-t/zlib-zopfli", "length": 268}, {"task": 393, "success": true, "message": "not worth compress", "basePath": "base_yu/task393.py", "compressor": "raw/raw", "length": 72}, {"task": 394, "success": true, "message": "not worth compress", "basePath": "base_yu/task394.py", "compressor": "raw/raw", "length": 189}, {"task": 395, "success": true, "message": "not worth compress", "basePath": "base_yu/task395.py", "compressor": "raw/raw", "length": 62}, {"task": 396, "success": true, "message": "encode:+1", "basePath": "base_yu/task396.py", "compressor": "raw/zlib-zopfli", "length": 220}, {"task": 397, "success": true, "message": "not worth compress", "basePath": "base_yu/task397.py", "compressor": "raw/raw", "length": 151}, {"task": 398, "success": true, "message": "not worth compress", "basePath": "base_yu/task398.py", "compressor": "raw/raw", "length": 87}, {"task": 399, "success": true, "message": "not worth compress", "basePath": "base_yu/task399.py", "compressor": "raw/raw", "length": 66}, {"task": 400, "success": true, "message": "not worth compress", "basePath": "base_yu/task400.py", "compressor": "raw/raw", "length": 70}]}